Category,question,answer
Technology,Can you explain what is cloud computing?,Cloud computing is the delivery of computing services over the internet.
Technology,How does machine learning work?,Machine learning uses algorithms to find patterns in data and make predictions.
Technology,Can you explain what is cybersecurity?,Cybersecurity is the practice of protecting systems and networks from attacks.
Health,Can you explain what are the symptoms of diabetes?,"Common symptoms include frequent urination, increased thirst, and fatigue."
Health,How can I improve my immune system?,"A healthy diet, exercise, and adequate sleep can boost immunity."
Health,Can you explain what are the benefits of meditation?,"Meditation helps reduce stress, improve focus, and enhance emotional well-being."
Finance,How do credit scores work?,A credit score reflects creditworthiness based on payment history and debts.
Finance,Can you explain what is compound interest?,Compound interest is interest calculated on both the initial principal and accumulated interest.
Finance,How can I save more money?,"Budgeting, reducing expenses, and investing wisely can help increase savings."
Science,Can you explain what is quantum mechanics?,Quantum mechanics is the branch of physics that studies subatomic particles.
Science,How does photosynthesis work?,Plants convert sunlight into energy using chlorophyll.
Science,Why is the sky blue?,The sky appears blue due to Rayleigh scattering of sunlight in the atmosphere.
Customer Support,How do I reset my password?,Go to the login page and click 'Forgot Password' to reset it.
Customer Support,Can you explain what is the return policy?,Most stores allow returns within 30 days with a receipt.
Customer Support,How do I contact customer service?,You can contact customer support via email or phone.
General Knowledge,Who invented the telephone?,Alexander Graham Bell invented the telephone in 1876.
General Knowledge,Can you explain what is the capital of France?,The capital of France is Paris.
General Knowledge,How many continents are there?,There are seven continents on Earth.
Technology,Can you explain what is cloud computing?,Cloud computing is the delivery of computing services over the internet.
Technology,How does machine learning work?,Machine learning uses algorithms to find patterns in data and make predictions.
Technology,Can you explain what is cybersecurity?,Cybersecurity is the practice of protecting systems and networks from attacks.
Health,Can you explain what are the symptoms of diabetes?,"Common symptoms include frequent urination, increased thirst, and fatigue."
Health,How can I improve my immune system?,"A healthy diet, exercise, and adequate sleep can boost immunity."
Health,Can you explain what are the benefits of meditation?,"Meditation helps reduce stress, improve focus, and enhance emotional well-being."
Finance,How do credit scores work?,A credit score reflects creditworthiness based on payment history and debts.
Finance,Can you explain what is compound interest?,Compound interest is interest calculated on both the initial principal and accumulated interest.
Finance,How can I save more money?,"Budgeting, reducing expenses, and investing wisely can help increase savings."
Science,Can you explain what is quantum mechanics?,Quantum mechanics is the branch of physics that studies subatomic particles.
Science,How does photosynthesis work?,Plants convert sunlight into energy using chlorophyll.
Science,Why is the sky blue?,The sky appears blue due to Rayleigh scattering of sunlight in the atmosphere.
Customer Support,How do I reset my password?,Go to the login page and click 'Forgot Password' to reset it.
Customer Support,Can you explain what is the return policy?,Most stores allow returns within 30 days with a receipt.
Customer Support,How do I contact customer service?,You can contact customer support via email or phone.
General Knowledge,Who invented the telephone?,Alexander Graham Bell invented the telephone in 1876.
General Knowledge,Can you explain what is the capital of France?,The capital of France is Paris.
General Knowledge,How many continents are there?,There are seven continents on Earth.
Technology,Can you explain what is cloud computing?,Cloud computing is the delivery of computing services over the internet.
Technology,How does machine learning work?,Machine learning uses algorithms to find patterns in data and make predictions.
Technology,Can you explain what is cybersecurity?,Cybersecurity is the practice of protecting systems and networks from attacks.
Health,Can you explain what are the symptoms of diabetes?,"Common symptoms include frequent urination, increased thirst, and fatigue."
Health,How can I improve my immune system?,"A healthy diet, exercise, and adequate sleep can boost immunity."
Health,Can you explain what are the benefits of meditation?,"Meditation helps reduce stress, improve focus, and enhance emotional well-being."
Finance,How do credit scores work?,A credit score reflects creditworthiness based on payment history and debts.
Finance,Can you explain what is compound interest?,Compound interest is interest calculated on both the initial principal and accumulated interest.
Finance,How can I save more money?,"Budgeting, reducing expenses, and investing wisely can help increase savings."
Science,Can you explain what is quantum mechanics?,Quantum mechanics is the branch of physics that studies subatomic particles.
Science,How does photosynthesis work?,Plants convert sunlight into energy using chlorophyll.
Science,Why is the sky blue?,The sky appears blue due to Rayleigh scattering of sunlight in the atmosphere.
Customer Support,How do I reset my password?,Go to the login page and click 'Forgot Password' to reset it.